                  epoch,         train/box_loss,         train/seg_loss,         train/cls_loss,         train/dfl_loss,   metrics/precision(B),      metrics/recall(B),       metrics/mAP50(B),    metrics/mAP50-95(B),   metrics/precision(M),      metrics/recall(M),       metrics/mAP50(M),    metrics/mAP50-95(M),           val/box_loss,           val/seg_loss,           val/cls_loss,           val/dfl_loss,                 lr/pg0,                 lr/pg1,                 lr/pg2
                      1,                 2.5865,                 3.6381,                 4.4807,                 1.5551,                0.19067,                 0.1649,                0.11259,                 0.0437,                0.16115,                0.13289,                 0.0952,                0.03477,                 2.2302,                   2.77,                   4.32,                 1.3511,             0.00055503,             0.00055503,             0.00055503
                      2,                 2.5089,                 3.3668,                 3.5373,                 1.5195,                0.37218,                0.13395,                0.12097,                0.04531,                0.26265,                0.11481,                0.08107,                0.02993,                 2.2763,                 2.9158,                 3.6321,                 1.3851,               0.001107,               0.001107,               0.001107
                      3,                 2.4886,                 3.3349,                 3.0577,                 1.4976,                0.21012,                0.19296,                0.13148,                0.06273,                0.18406,                0.18501,                 0.1073,                0.03632,                 2.3722,                 3.0097,                 3.1561,                  1.514,              0.0016554,              0.0016554,              0.0016554
                      4,                 2.4505,                 3.2373,                 2.8337,                 1.5123,                0.35832,                0.17546,                0.16911,                0.07683,                0.27719,                0.14183,                0.12456,                0.03881,                 2.1868,                 2.8287,                  3.085,                 1.3301,              0.0016505,              0.0016505,              0.0016505
                      5,                 2.4228,                 3.1696,                 2.7426,                 1.4764,                0.19597,                0.25004,                0.12668,                0.05575,                0.16718,                0.20206,                0.09982,                0.03197,                 2.1065,                 2.8484,                 3.5233,                 1.3003,               0.001645,               0.001645,               0.001645
                      6,                 2.3607,                 3.0783,                 2.5327,                 1.4539,                0.23414,                0.19618,                0.13559,                0.06463,                0.18956,                0.16268,                0.10957,                0.04248,                 2.1722,                 2.7616,                  2.467,                 1.3671,              0.0016395,              0.0016395,              0.0016395
                      7,                 2.3082,                 3.0387,                 2.3883,                 1.4283,                0.20304,                0.19134,                0.14094,                0.06045,                0.20691,                0.13067,                0.09961,                 0.0325,                  2.281,                 2.8196,                 2.6746,                 1.3528,               0.001634,               0.001634,               0.001634
                      8,                 2.2817,                 2.9927,                  2.358,                 1.4286,                 0.2847,                0.25351,                0.17244,                0.06513,                0.15113,                0.19147,                0.10289,                0.04146,                  2.146,                 2.7149,                 2.7273,                 1.2932,              0.0016285,              0.0016285,              0.0016285
                      9,                  2.258,                 2.9706,                 2.3584,                  1.404,                0.32552,                0.21033,                0.19209,                0.07297,                 0.2255,                0.15151,                0.10994,                0.04173,                 2.2888,                 2.7638,                 2.4889,                 1.3504,               0.001623,               0.001623,               0.001623
                     10,                 2.2243,                 2.9394,                 2.2567,                 1.3832,                0.34062,                0.24383,                0.18215,                0.08344,                0.31017,                0.22798,                0.19382,                0.07654,                 2.0812,                 2.5529,                  2.322,                 1.3643,              0.0016175,              0.0016175,              0.0016175
                     11,                 2.2286,                 2.8826,                 2.2232,                 1.3886,                0.32532,                0.24222,                0.19145,                0.08001,                0.28913,                0.20723,                0.16688,                0.05799,                 2.1137,                 2.7822,                  2.359,                 1.3122,               0.001612,               0.001612,               0.001612
                     12,                 2.1894,                 2.8833,                 2.2659,                  1.364,                0.28701,                  0.234,                0.18529,                0.09153,                0.24316,                  0.216,                0.15601,                0.05934,                 2.1559,                 2.7714,                 2.2837,                  1.301,              0.0016065,              0.0016065,              0.0016065
                     13,                 2.1718,                 2.8752,                 2.1658,                 1.3636,                0.25094,                0.27299,                 0.1902,                0.08353,                0.21084,                0.23638,                0.16084,                0.06627,                 2.0879,                 2.5957,                 2.3058,                 1.3333,               0.001601,               0.001601,               0.001601
                     14,                 2.1711,                 2.8853,                 2.1861,                 1.3653,                0.26378,                0.22634,                0.16904,                0.08419,                0.20035,                0.17869,                0.13204,                0.04982,                 2.0174,                 2.7842,                 2.2951,                 1.2593,              0.0015955,              0.0015955,              0.0015955
                     15,                 2.1275,                 2.8223,                 2.0926,                 1.3287,                0.48939,                0.20239,                0.22937,                0.10181,                0.28307,                 0.2022,                0.16059,                0.06612,                  2.003,                 2.7216,                 2.2457,                 1.2998,                0.00159,                0.00159,                0.00159
                     16,                 2.1297,                 2.8148,                 2.0629,                 1.3467,                0.33415,                0.21852,                0.20369,                0.09511,                0.28019,                 0.1628,                0.15862,                0.06286,                 2.0108,                 2.7747,                  2.425,                 1.2658,              0.0015845,              0.0015845,              0.0015845
                     17,                 2.1091,                 2.7823,                 2.0446,                 1.3233,                0.27217,                0.23154,                0.16184,                0.07042,                0.25226,                0.18154,                0.13575,                0.05556,                 2.1502,                 2.7348,                 2.4136,                 1.3144,               0.001579,               0.001579,               0.001579
                     18,                 2.1003,                 2.7306,                 2.0585,                 1.3284,                0.30374,                0.22969,                0.19091,                0.09046,                0.34455,                0.15938,                0.16117,                0.05902,                 1.9521,                 2.7107,                 2.4564,                 1.2547,              0.0015735,              0.0015735,              0.0015735
                     19,                 2.1214,                 2.7976,                 2.0521,                 1.3218,                0.31095,                0.25214,                 0.2168,                0.10435,                0.21751,                0.21566,                0.15826,                0.06185,                 1.9865,                 2.6785,                 2.2563,                 1.2115,               0.001568,               0.001568,               0.001568
                     20,                 2.0892,                 2.7912,                 2.0216,                 1.3245,                 0.3065,                0.26368,                0.20137,                0.10152,                0.24433,                0.19332,                0.15842,                0.06313,                 2.0464,                 2.6125,                 2.3411,                 1.2823,              0.0015625,              0.0015625,              0.0015625
                     21,                 2.0311,                   2.66,                 1.9766,                 1.2995,                0.36204,                0.23751,                0.21217,                0.09541,                 0.2462,                0.17178,                 0.1485,                0.04618,                 1.9765,                 2.7908,                 2.3779,                 1.2291,               0.001557,               0.001557,               0.001557
                     22,                 2.0743,                 2.6648,                 1.9781,                 1.3115,                0.32234,                0.26158,                0.19364,                0.09386,                0.23249,                  0.203,                0.15296,                0.06179,                  1.977,                 2.6744,                 2.2974,                 1.2266,              0.0015515,              0.0015515,              0.0015515
                     23,                 2.0177,                 2.6833,                 1.8872,                 1.2809,                 0.3784,                0.25351,                0.21735,                0.10324,                0.27411,                0.18526,                0.17255,                0.06521,                 2.1225,                 2.7188,                 2.2278,                  1.296,               0.001546,               0.001546,               0.001546
                     24,                 1.9834,                 2.6074,                 1.8066,                 1.2784,                0.32446,                 0.2549,                 0.2208,                0.11318,                0.30972,                0.20772,                0.20155,                0.07929,                 1.9816,                 2.4836,                 2.4172,                 1.2308,              0.0015405,              0.0015405,              0.0015405
                     25,                 2.0246,                 2.6682,                 1.9015,                 1.2821,                0.35731,                0.24271,                0.21982,                 0.1064,                 0.3024,                0.21256,                0.18604,                0.07336,                 2.2151,                 2.6334,                 1.9799,                 1.4497,               0.001535,               0.001535,               0.001535
                     26,                 1.9779,                 2.5903,                 1.8311,                  1.265,                0.52192,                 0.2071,                0.23247,                0.11605,                0.34411,                0.16119,                0.14953,                0.05493,                 2.1648,                 2.6679,                 2.1136,                 1.3897,              0.0015295,              0.0015295,              0.0015295
                     27,                 1.9306,                 2.5758,                 1.8499,                 1.2586,                0.34998,                0.25835,                0.24547,                0.10394,                 0.3007,                0.19941,                0.18184,                0.06032,                 2.1402,                 2.7815,                  2.312,                 1.2866,               0.001524,               0.001524,               0.001524
                     28,                 2.0049,                 2.6345,                 1.8625,                 1.2704,                  0.336,                0.25448,                0.22631,                0.10545,                0.29218,                0.18352,                0.17416,                0.06257,                  2.219,                 2.7442,                 2.1209,                 1.4033,              0.0015185,              0.0015185,              0.0015185
                     29,                 1.9551,                 2.5679,                 1.7471,                 1.2476,                0.32359,                0.24247,                0.20127,                0.09979,                0.25128,                0.20114,                0.16041,                 0.0689,                  2.099,                 2.5887,                 2.1169,                 1.3344,               0.001513,               0.001513,               0.001513
                     30,                 1.9722,                 2.5948,                 1.7947,                 1.2445,                0.32295,                 0.2746,                0.21607,                0.10759,                0.24724,                0.21094,                0.18638,                0.07947,                 2.1654,                 2.8282,                 2.2551,                  1.387,              0.0015075,              0.0015075,              0.0015075
                     31,                 1.9786,                 2.5767,                 1.7962,                 1.2367,                0.31705,                0.24098,                0.21397,                0.11028,                0.25398,                0.20288,                0.17749,                0.07847,                 1.9424,                 2.6494,                 2.6166,                 1.2118,               0.001502,               0.001502,               0.001502
                     32,                 1.9203,                 2.5041,                 1.7141,                 1.2371,                0.38726,                0.26256,                0.25003,                0.11944,                0.25833,                0.23477,                0.19318,                0.07035,                  2.002,                  2.588,                 1.9392,                 1.3504,              0.0014965,              0.0014965,              0.0014965
                     33,                 1.8776,                  2.466,                 1.6377,                 1.2242,                0.39018,                0.27907,                0.26612,                0.12852,                0.30711,                0.20102,                 0.1857,                0.06961,                 2.1013,                 2.7428,                 1.9481,                 1.3704,               0.001491,               0.001491,               0.001491
                     34,                 1.8643,                 2.4489,                 1.6262,                 1.2128,                0.40789,                0.24388,                0.24769,                 0.1131,                0.32459,                0.20784,                 0.2055,                0.06794,                 2.0569,                 2.6734,                 2.2354,                 1.3625,              0.0014855,              0.0014855,              0.0014855
                     35,                 1.8928,                 2.4741,                 1.7014,                 1.2206,                0.35593,                0.28455,                0.25056,                0.11835,                0.24028,                0.22337,                0.17907,                0.06596,                 2.1018,                 2.7243,                 2.1629,                 1.3719,                0.00148,                0.00148,                0.00148
                     36,                 1.8918,                 2.4652,                 1.6626,                 1.2215,                0.30699,                0.25735,                0.19763,                0.08908,                0.21765,                0.22236,                 0.1658,                0.07042,                 2.1546,                 2.6199,                  2.075,                 1.4238,              0.0014745,              0.0014745,              0.0014745
                     37,                 1.8288,                 2.3873,                 1.5921,                 1.1924,                0.32014,                0.26964,                0.23136,                 0.1143,                 0.2798,                0.22993,                0.18412,                0.08053,                 2.0909,                 2.5228,                 2.0338,                 1.3789,               0.001469,               0.001469,               0.001469
                     38,                 1.8286,                 2.3906,                 1.5368,                 1.1829,                0.35934,                0.27125,                0.23416,                0.10994,                 0.2256,                0.24618,                0.18154,                0.06768,                 1.9911,                 2.7303,                 1.9149,                 1.3286,              0.0014635,              0.0014635,              0.0014635
                     39,                  1.852,                 2.4398,                 1.5949,                 1.2029,                0.38531,                0.26456,                0.23307,                0.11675,                0.29886,                 0.1865,                0.16853,                0.06395,                 2.0752,                 2.6558,                  2.175,                 1.3631,               0.001458,               0.001458,               0.001458
                     40,                   1.86,                 2.4071,                 1.6091,                 1.1888,                0.35935,                 0.2617,                0.22158,                0.12189,                0.29481,                0.20437,                0.18086,                0.07479,                 1.9723,                 2.6198,                  2.224,                 1.2514,              0.0014525,              0.0014525,              0.0014525
                     41,                 1.8184,                 2.3612,                 1.5551,                 1.1958,                0.30505,                 0.2344,                0.18088,                0.09782,                0.31077,                0.17869,                0.15776,                0.06412,                 1.9755,                 2.6936,                 2.2166,                 1.2894,               0.001447,               0.001447,               0.001447
                     42,                 1.8452,                 2.4048,                 1.6529,                 1.1923,                0.33474,                0.23489,                 0.2278,                0.11283,                0.40259,                0.16143,                0.18835,                0.06844,                 2.0267,                 2.5718,                 2.1073,                 1.3158,              0.0014415,              0.0014415,              0.0014415
                     43,                 1.8561,                 2.4164,                 1.5455,                 1.1871,                 0.3795,                0.27162,                0.23295,                0.11871,                0.33177,                0.21119,                 0.2007,                0.08209,                 2.0728,                 2.5108,                 1.9214,                 1.3694,               0.001436,               0.001436,               0.001436
                     44,                 1.7896,                  2.357,                 1.4985,                 1.1737,                0.34539,                0.25525,                0.22074,                0.11191,                0.30652,                0.22666,                0.19252,                0.08107,                 2.1165,                 2.6944,                 2.2603,                 1.3163,              0.0014305,              0.0014305,              0.0014305
                     45,                 1.7807,                 2.3533,                 1.5048,                 1.1615,                0.34895,                0.24344,                0.20902,                0.10486,                0.34151,                0.18975,                0.17567,                0.07377,                 2.1445,                 2.6044,                 2.3836,                  1.317,               0.001425,               0.001425,               0.001425
                     46,                 1.7751,                 2.2872,                 1.4821,                 1.1494,                0.33937,                 0.3225,                0.23089,                0.11566,                 0.2579,                0.24606,                0.19163,                0.07312,                 1.9196,                 2.6399,                 2.2478,                  1.225,              0.0014195,              0.0014195,              0.0014195
                     47,                 1.7701,                 2.3167,                 1.4464,                 1.1623,                0.36543,                0.27795,                0.24294,                0.11875,                0.32187,                0.21268,                0.19358,                0.07656,                 1.9461,                 2.4739,                 2.2115,                  1.252,              0.0014139,              0.0014139,              0.0014139
                     48,                 1.7997,                 2.3311,                 1.4524,                 1.1702,                0.38667,                0.28796,                0.25209,                0.12154,                0.31611,                0.22223,                0.20096,                0.07619,                 2.0305,                 2.6321,                 2.0613,                 1.3448,              0.0014084,              0.0014084,              0.0014084
                     49,                  1.795,                 2.3342,                 1.4958,                 1.1655,                0.36487,                0.29371,                0.24062,                0.12134,                0.27221,                0.26678,                0.19565,                0.07355,                 2.0422,                 2.6839,                 2.1576,                 1.3343,              0.0014029,              0.0014029,              0.0014029
                     50,                 1.7398,                 2.2448,                 1.4062,                 1.1445,                0.54681,                 0.2169,                0.25767,                0.12691,                0.46186,                0.18042,                0.19951,                0.08049,                 2.0004,                 2.8194,                 2.2162,                 1.2631,              0.0013974,              0.0013974,              0.0013974
                     51,                 1.7403,                 2.2668,                 1.4491,                 1.1436,                0.41332,                 0.2571,                0.24125,                0.11856,                0.39543,                0.16938,                0.18046,                0.07135,                 2.1556,                 2.7337,                 1.9904,                 1.3824,              0.0013919,              0.0013919,              0.0013919
                     52,                 1.7314,                 2.2997,                 1.4187,                 1.1426,                0.33797,                0.27795,                0.23215,                0.11306,                0.28014,                0.21417,                0.17209,                0.06142,                 2.1061,                 2.8516,                 2.2674,                 1.3892,              0.0013864,              0.0013864,              0.0013864
                     53,                 1.7325,                 2.2891,                 1.4108,                 1.1462,                0.32291,                0.27932,                0.22077,                0.10474,                0.29488,                0.18861,                0.17215,                  0.065,                 2.1675,                 2.6045,                 2.0425,                 1.4311,              0.0013809,              0.0013809,              0.0013809
                     54,                 1.7386,                 2.2578,                 1.3824,                 1.1437,                0.40078,                0.26529,                0.25059,                0.12164,                0.37114,                0.19667,                0.19907,                0.07615,                 2.1671,                 2.7689,                 2.0372,                 1.4213,              0.0013754,              0.0013754,              0.0013754
                     55,                 1.7124,                 2.2239,                 1.3624,                 1.1297,                0.43142,                0.26876,                0.25938,                0.13138,                0.36458,                0.23705,                0.21157,                0.08223,                 1.9318,                 2.6338,                 2.1793,                 1.2884,              0.0013699,              0.0013699,              0.0013699
                     56,                  1.739,                 2.2478,                 1.4075,                 1.1377,                0.37777,                0.28439,                0.24897,                0.11537,                0.30117,                0.19469,                0.16994,                0.06905,                 2.1205,                 2.5859,                 2.1935,                 1.3538,              0.0013644,              0.0013644,              0.0013644
                     57,                 1.6521,                 2.1512,                 1.3249,                  1.109,                0.37641,                 0.2746,                0.23367,                0.11602,                0.32496,                 0.2138,                0.18008,                0.07247,                 2.0185,                 2.8011,                 2.2962,                 1.2965,              0.0013589,              0.0013589,              0.0013589
                     58,                 1.6905,                 2.2153,                 1.3349,                 1.1228,                0.41144,                0.28391,                0.24327,                0.12195,                0.30627,                0.20948,                0.19056,                0.07349,                 2.0455,                  2.691,                 2.1995,                 1.3214,              0.0013534,              0.0013534,              0.0013534
                     59,                 1.6756,                 2.1833,                 1.3208,                  1.109,                 0.4379,                0.27285,                0.26223,                0.12492,                0.35393,                0.19074,                0.19489,                0.07994,                 2.2208,                 2.6596,                  1.794,                 1.4647,              0.0013479,              0.0013479,              0.0013479
                     60,                 1.6541,                 2.1789,                 1.3044,                 1.1098,                0.31221,                0.27621,                0.24198,                0.11945,                0.35235,                0.17893,                0.18154,                0.07023,                 2.0663,                 2.7193,                 1.9086,                 1.3669,              0.0013424,              0.0013424,              0.0013424
                     61,                 1.6344,                 2.0994,                 1.2502,                 1.0976,                0.35193,                0.27125,                0.21283,                0.11373,                0.30516,                0.21715,                0.18362,                0.08139,                 2.0727,                 2.5935,                  2.181,                 1.3525,              0.0013369,              0.0013369,              0.0013369
                     62,                 1.6325,                 2.1425,                 1.2361,                 1.0993,                0.36113,                0.29855,                0.25268,                  0.126,                0.35888,                0.19804,                0.19448,                0.07174,                 2.1105,                 2.7011,                 1.8138,                 1.4275,              0.0013314,              0.0013314,              0.0013314
                     63,                 1.6467,                 2.1442,                 1.2507,                 1.0966,                 0.4345,                0.26964,                0.24374,                0.12385,                0.32095,                0.22348,                0.19246,                0.08496,                 2.0284,                 2.8026,                 2.2001,                 1.2601,              0.0013259,              0.0013259,              0.0013259
                     64,                 1.6405,                 2.1592,                 1.2787,                 1.1067,                0.38408,                0.28379,                0.25688,                0.12323,                0.37899,                0.17881,                0.18782,                0.07924,                 2.1061,                 2.8272,                 2.2082,                 1.3284,              0.0013204,              0.0013204,              0.0013204
                     65,                 1.6554,                 2.1532,                 1.2975,                 1.1123,                0.39772,                0.25376,                 0.2307,                0.11274,                0.32949,                0.20114,                0.16947,                0.07362,                 2.0157,                 2.9891,                 2.4537,                 1.3081,              0.0013149,              0.0013149,              0.0013149
                     66,                 1.6703,                 2.1774,                 1.2915,                 1.1077,                0.32143,                0.29098,                0.23223,                0.11534,                0.23159,                 0.2097,                0.17663,                0.07264,                 1.9956,                 3.0702,                 2.1918,                   1.26,              0.0013094,              0.0013094,              0.0013094
                     67,                   1.63,                 2.1425,                 1.2362,                 1.0873,                0.36952,                0.24743,                 0.2092,                0.10435,                0.26253,                0.21387,                0.17025,                0.07107,                 2.0173,                  2.813,                 2.2364,                 1.2654,              0.0013039,              0.0013039,              0.0013039
                     68,                 1.6398,                 2.1462,                 1.2397,                 1.0928,                0.37109,                0.27138,                0.24798,                0.12004,                0.26805,                0.20784,                0.18475,                0.07069,                 2.0748,                 2.8677,                 2.0678,                 1.4137,              0.0012984,              0.0012984,              0.0012984
                     69,                 1.6293,                  2.141,                 1.2401,                 1.0977,                0.37095,                0.30851,                0.24001,                0.12061,                0.28501,                0.20623,                0.17035,                0.07541,                 1.9847,                 2.6928,                 2.1752,                 1.2678,              0.0012929,              0.0012929,              0.0012929
                     70,                 1.6137,                 2.1012,                 1.2179,                 1.0783,                0.34345,                0.26031,                0.23324,                0.11436,                0.24796,                0.19816,                0.16635,                0.07179,                 1.9876,                 2.6173,                  2.067,                   1.34,              0.0012874,              0.0012874,              0.0012874
                     71,                 1.6108,                 2.1167,                 1.2401,                 1.0828,                0.41512,                0.24396,                0.23211,                0.11918,                 0.2815,                0.19643,                0.17245,                0.07295,                  1.964,                 2.7279,                 2.1715,                 1.2474,              0.0012819,              0.0012819,              0.0012819
                     72,                 1.6046,                 2.1414,                 1.2293,                 1.0761,                 0.3213,                0.27001,                0.23431,                0.12162,                0.32577,                0.19494,                0.19118,                0.08082,                 2.0017,                 2.6734,                 2.1727,                 1.2685,              0.0012764,              0.0012764,              0.0012764
                     73,                 1.5965,                 2.0992,                 1.2002,                 1.0786,                0.33381,                0.28428,                0.24668,                0.12472,                0.30295,                0.20449,                0.19058,                0.08249,                 1.9794,                  2.795,                 1.9076,                 1.3461,              0.0012709,              0.0012709,              0.0012709
                     74,                 1.5633,                 2.0783,                 1.1523,                 1.0736,                0.40392,                0.24247,                0.20353,                0.09441,                0.34084,                0.19919,                0.15855,                0.06037,                 1.9223,                  2.694,                 2.5202,                  1.234,              0.0012654,              0.0012654,              0.0012654
                     75,                 1.6015,                 2.1166,                 1.2049,                 1.0723,                0.37353,                0.22907,                0.23227,                0.11345,                0.31403,                0.17074,                0.16849,                0.07048,                 2.0029,                 2.7708,                  2.169,                 1.2325,              0.0012599,              0.0012599,              0.0012599
                     76,                 1.5739,                 2.0706,                 1.1636,                  1.063,                0.35214,                0.24259,                0.20332,                0.10496,                0.28264,                0.20747,                0.17211,                0.07087,                 1.9546,                 2.8086,                 2.1583,                  1.244,              0.0012544,              0.0012544,              0.0012544
                     77,                 1.5673,                 2.0343,                 1.1579,                 1.0621,                0.33408,                0.23592,                0.18848,                0.09521,                0.26968,                0.16603,                0.14678,                0.05704,                 2.0575,                 2.8632,                 2.1622,                 1.2959,              0.0012489,              0.0012489,              0.0012489
                     78,                 1.5619,                 2.0718,                 1.1538,                 1.0656,                0.38418,                0.26033,                0.24778,                0.11857,                0.30852,                0.20921,                0.19783,                0.07166,                 1.9567,                 2.9083,                 2.0113,                  1.267,              0.0012434,              0.0012434,              0.0012434
                     79,                 1.5746,                 2.0832,                 1.1775,                 1.0694,                0.45933,                0.22956,                0.25649,                0.11835,                0.36483,                  0.174,                0.18517,                 0.0699,                 1.9776,                  2.897,                  2.158,                  1.252,              0.0012379,              0.0012379,              0.0012379
                     80,                 1.5545,                 2.0452,                  1.133,                 1.0583,                0.47819,                0.24569,                0.23898,                 0.1156,                 0.3712,                0.17881,                0.16646,                0.06061,                 2.0824,                 2.8144,                 2.1168,                 1.3529,              0.0012324,              0.0012324,              0.0012324
                     81,                 1.5666,                 2.0707,                 1.1464,                  1.064,                0.37605,                 0.2569,                0.22249,                 0.1066,                0.27071,                0.21082,                0.16753,                0.06689,                 2.0595,                  2.811,                 2.3218,                 1.3141,              0.0012269,              0.0012269,              0.0012269
                     82,                 1.5467,                 2.0401,                 1.1433,                 1.0617,                0.34469,                0.27436,                0.21641,                0.10562,                0.23423,                0.20909,                0.16229,                0.07055,                 2.1258,                 2.8891,                 2.1495,                 1.3493,              0.0012214,              0.0012214,              0.0012214
                     83,                 1.5134,                 1.9989,                 1.1128,                 1.0464,                 0.3701,                0.25653,                0.21622,                0.11137,                0.24458,                0.21243,                0.16293,                0.07135,                 2.0059,                 2.7186,                 2.2119,                 1.2965,              0.0012159,              0.0012159,              0.0012159
                     84,                 1.5572,                 2.0407,                 1.1375,                 1.0524,                0.38936,                0.28254,                0.24762,                0.12709,                0.25041,                0.21727,                0.16795,                0.06897,                 1.8926,                 2.6614,                 2.1042,                 1.2195,              0.0012104,              0.0012104,              0.0012104
                     85,                  1.496,                 2.0158,                   1.09,                 1.0399,                0.34399,                0.25664,                0.21556,                 0.1056,                0.28932,                0.19953,                0.17307,                0.06477,                 1.9753,                  2.702,                 2.5018,                  1.282,              0.0012049,              0.0012049,              0.0012049
                     86,                 1.5333,                 2.0814,                 1.1024,                 1.0503,                0.37768,                0.31729,                0.24877,                0.11593,                0.26333,                0.22683,                 0.1718,                0.06956,                 1.8902,                 2.6922,                 2.1273,                 1.2389,              0.0011994,              0.0011994,              0.0011994
                     87,                 1.5107,                 1.9592,                 1.1001,                 1.0346,                0.37923,                0.29371,                0.24383,                0.11804,                0.24678,                0.24732,                0.18096,                0.06993,                 1.9464,                 2.6203,                 2.3861,                 1.2388,              0.0011939,              0.0011939,              0.0011939
                     88,                  1.523,                 2.0191,                  1.107,                 1.0537,                0.36534,                0.24755,                0.20525,                0.10168,                0.32839,                 0.1968,                0.17957,                0.07209,                 2.0964,                 2.6032,                 2.0784,                 1.3597,              0.0011884,              0.0011884,              0.0011884
                     89,                 1.5092,                  2.019,                  1.102,                 1.0421,                0.36622,                0.25202,                0.21627,                0.10849,                0.23561,                0.22683,                0.17269,                0.06835,                 2.1616,                 2.7871,                 2.0611,                 1.4862,              0.0011829,              0.0011829,              0.0011829
                     90,                 1.5302,                 1.9972,                 1.0959,                  1.041,                0.31927,                0.27481,                0.22829,                 0.1126,                0.22807,                0.21298,                0.16735,                0.06897,                 2.1362,                 2.8379,                 1.9864,                 1.4237,              0.0011774,              0.0011774,              0.0011774
                     91,                 1.4961,                 1.9603,                  1.064,                 1.0272,                0.32207,                0.26803,                 0.2197,                0.11134,                0.24196,                0.20586,                0.16144,                0.06466,                 2.1954,                 2.7205,                 2.0394,                 1.4424,              0.0011719,              0.0011719,              0.0011719
                     92,                 1.4768,                 1.9549,                 1.0648,                  1.031,                0.32037,                0.26255,                0.21368,                0.11033,                0.34472,                0.15553,                0.15655,                0.06218,                 2.1697,                 2.8307,                 2.1538,                 1.4607,              0.0011664,              0.0011664,              0.0011664
                     93,                 1.4901,                 1.9768,                 1.0761,                 1.0386,                0.34087,                0.27758,                0.22244,                0.11137,                0.30568,                0.20759,                0.17512,                0.07225,                 2.0646,                 2.7261,                 2.0708,                 1.4203,              0.0011609,              0.0011609,              0.0011609
                     94,                 1.4818,                 1.9057,                 1.0574,                 1.0392,                0.35376,                0.26666,                0.22054,                0.11445,                0.28846,                0.21417,                0.17591,                0.07441,                  2.121,                 2.9985,                 1.9794,                 1.4254,              0.0011554,              0.0011554,              0.0011554
                     95,                 1.4923,                 1.9403,                 1.0581,                 1.0292,                0.39311,                0.27429,                0.21991,                0.11354,                0.29051,                0.19844,                0.16607,                0.06932,                 2.0683,                 2.9179,                  2.109,                 1.3312,              0.0011499,              0.0011499,              0.0011499
                     96,                 1.4765,                 1.9218,                 1.0466,                 1.0274,                0.38882,                0.27115,                0.22054,                0.10786,                 0.3549,                0.18621,                0.16926,                0.06775,                 2.1473,                 2.9769,                  2.084,                 1.4423,              0.0011444,              0.0011444,              0.0011444
                     97,                 1.4845,                 1.9832,                 1.0661,                 1.0314,                0.32858,                0.28389,                0.20643,                0.10212,                0.27483,                0.20276,                0.14294,                 0.0574,                 2.1155,                 2.7243,                 2.4023,                 1.3722,              0.0011389,              0.0011389,              0.0011389
                     98,                  1.473,                 1.9445,                 1.0456,                 1.0333,                0.35644,                0.26641,                0.22377,                0.11344,                0.23384,                0.18699,                0.17259,                0.06837,                  2.043,                 2.9746,                 2.2138,                 1.3637,              0.0011334,              0.0011334,              0.0011334
                     99,                 1.4595,                 1.9634,                 1.0327,                 1.0242,                0.32753,                0.28093,                  0.213,                0.10689,                0.25371,                0.20598,                0.16237,                0.06053,                 2.1542,                 2.8832,                 2.0225,                 1.4126,              0.0011279,              0.0011279,              0.0011279
                    100,                 1.4886,                 1.9639,                 1.0489,                 1.0323,                 0.3631,                0.28562,                0.22999,                0.12014,                0.29573,                0.23291,                0.18314,                0.06682,                 1.9973,                 2.9968,                 2.2811,                 1.2239,              0.0011224,              0.0011224,              0.0011224
                    101,                 1.4559,                 1.9103,                 1.0324,                 1.0193,                0.38819,                0.27287,                0.23109,                0.11717,                0.28217,                0.19506,                0.16629,                0.06123,                 1.9981,                 2.8975,                 2.1888,                 1.2665,              0.0011169,              0.0011169,              0.0011169
                    102,                 1.4043,                 1.8554,                0.98837,                0.99935,                0.39159,                0.25466,                0.21755,                0.11113,                0.28938,                0.18699,                0.15555,                0.06538,                 2.0927,                 3.0005,                  2.146,                  1.377,              0.0011114,              0.0011114,              0.0011114
                    103,                 1.4468,                  1.903,                 1.0176,                 1.0204,                 0.3719,                0.25843,                0.21466,                0.10583,                0.32142,                0.19834,                 0.1653,                0.06906,                 2.1314,                 3.0849,                 2.0816,                 1.3859,              0.0011059,              0.0011059,              0.0011059
                    104,                 1.4406,                 1.8846,                0.99608,                 1.0134,                0.37524,                0.24247,                0.22063,                0.11382,                0.28951,                0.19494,                 0.1728,                0.07369,                 2.0502,                   2.91,                 2.0585,                 1.3951,              0.0011004,              0.0011004,              0.0011004
                    105,                 1.4486,                 1.9325,                  1.025,                 1.0226,                 0.3129,                0.28818,                0.22386,                0.11942,                0.30134,                0.20449,                0.18573,                0.07751,                 2.0049,                 2.8929,                 1.9096,                 1.3992,              0.0010949,              0.0010949,              0.0010949
                    106,                 1.4287,                  1.884,                0.98619,                 1.0152,                0.32293,                0.31871,                0.23663,                0.11921,                0.33275,                0.18012,                0.17576,                0.07868,                 1.9546,                 2.9077,                 2.2155,                  1.293,              0.0010894,              0.0010894,              0.0010894
                    107,                   1.44,                 1.8738,                0.99852,                 1.0093,                0.32872,                0.27274,                 0.2373,                  0.123,                0.28885,                0.20121,                0.18244,                0.08107,                 2.0185,                 2.8251,                 2.1675,                 1.3419,              0.0010839,              0.0010839,              0.0010839
                    108,                  1.389,                 1.8613,                0.96848,                0.99965,                0.35324,                0.30811,                0.25225,                 0.1258,                0.25839,                0.21417,                0.17515,                0.07522,                 2.1046,                 2.8912,                 1.9968,                 1.3917,              0.0010784,              0.0010784,              0.0010784
                    109,                 1.4217,                 1.9017,                0.98834,                 1.0074,                0.37442,                0.29669,                0.22678,                0.11145,                0.28015,                0.18067,                0.15231,                0.06383,                  2.122,                  2.755,                 2.0342,                  1.384,              0.0010729,              0.0010729,              0.0010729
                    110,                 1.3956,                  1.831,                0.95586,                 1.0065,                0.36926,                0.24085,                0.22666,                0.11812,                0.24999,                0.20611,                0.17432,                0.07265,                 2.0843,                 2.7776,                 2.0364,                 1.4189,              0.0010674,              0.0010674,              0.0010674
                    111,                 1.3865,                 1.8133,                0.94835,                  1.002,                0.40528,                0.26275,                  0.234,                0.11751,                0.32323,                0.18849,                0.17318,                0.06697,                 2.1864,                 2.8725,                 1.9681,                 1.4584,              0.0010619,              0.0010619,              0.0010619
                    112,                  1.419,                 1.8706,                0.96737,                 1.0144,                0.41874,                0.27448,                0.25152,                0.12475,                0.30579,                0.18216,                0.17153,                0.06674,                 1.9898,                 2.7096,                  2.289,                 1.2579,              0.0010564,              0.0010564,              0.0010564
                    113,                 1.3791,                  1.829,                0.94819,                0.99399,                0.31295,                0.25698,                0.20328,                0.10488,                0.25206,                0.16788,                0.16083,                0.06722,                  2.202,                 2.9384,                 1.9667,                 1.4829,              0.0010509,              0.0010509,              0.0010509
                    114,                 1.3813,                 1.8606,                0.95177,                0.98931,                0.36471,                0.26791,                 0.2255,                0.11988,                0.26445,                0.20127,                0.17212,                0.07771,                 2.1629,                 2.7022,                 2.0153,                 1.3799,              0.0010454,              0.0010454,              0.0010454
                    115,                 1.4147,                 1.8573,                 0.9726,                 0.9979,                0.35617,                0.25053,                0.21201,                0.11203,                0.26387,                0.21094,                0.17155,                0.07028,                 2.1821,                 2.7637,                 2.0517,                 1.3998,              0.0010399,              0.0010399,              0.0010399
                    116,                 1.4023,                 1.8406,                0.95783,                0.99365,                0.35531,                0.24743,                0.21556,                0.10794,                0.22996,                0.20474,                0.16567,                0.06759,                 2.1264,                 2.6774,                 2.0677,                 1.4299,              0.0010344,              0.0010344,              0.0010344
                    117,                  1.382,                   1.84,                0.94144,                0.99154,                0.31017,                0.28924,                0.21206,                0.10885,                0.30469,                0.19953,                0.16292,                0.06974,                 2.1193,                 2.8529,                 2.1894,                 1.4246,              0.0010289,              0.0010289,              0.0010289
                    118,                 1.3647,                  1.834,                0.93179,                0.98665,                0.30703,                0.28726,                0.23121,                0.11824,                0.22441,                0.22844,                0.18093,                0.06993,                  2.081,                 3.0076,                 2.0308,                 1.4636,              0.0010234,              0.0010234,              0.0010234
                    119,                 1.3676,                 1.8056,                0.93404,                0.98554,                0.34754,                0.25649,                0.21375,                0.11299,                0.30101,                 0.1917,                0.15847,                0.06686,                 2.1264,                 2.9211,                 2.0316,                 1.4242,              0.0010179,              0.0010179,              0.0010179
                    120,                 1.3797,                 1.7917,                0.94938,                0.98825,                0.34701,                0.27597,                0.21336,                0.10466,                0.34086,                0.17397,                0.15595,                0.06212,                 2.1351,                 3.0812,                 2.2622,                 1.4335,              0.0010124,              0.0010124,              0.0010124
                    121,                 1.3487,                  1.802,                0.92433,                0.98309,                0.37667,                0.29334,                0.22105,                0.11812,                0.29419,                0.22981,                0.18291,                 0.0691,                 2.0634,                  2.983,                 2.2102,                 1.4013,              0.0010069,              0.0010069,              0.0010069
                    122,                 1.3414,                 1.7354,                0.90276,                0.97631,                0.38132,                0.27423,                0.22949,                0.11813,                0.30699,                0.21864,                0.18583,                0.07149,                 2.0488,                  3.019,                 2.1237,                 1.3532,              0.0010014,              0.0010014,              0.0010014
                    123,                 1.3728,                 1.8433,                0.93015,                0.98346,                0.35786,                 0.2725,                0.22227,                0.11361,                0.23466,                0.24648,                0.18445,                 0.0721,                 2.0621,                 2.9094,                 2.3363,                  1.295,             0.00099587,             0.00099587,             0.00099587
                    124,                 1.3661,                 1.7922,                 0.9077,                0.98576,                0.40364,                0.28218,                 0.2424,                0.12401,                0.24191,                0.23949,                0.17875,                0.07441,                 2.0151,                  3.009,                 2.4354,                 1.3146,             0.00099036,             0.00099036,             0.00099036
                    125,                 1.3593,                 1.8003,                 0.9154,                0.97648,                0.46048,                0.24706,                0.23488,                0.11997,                0.31444,                 0.2107,                0.18043,                0.07277,                 2.0595,                 2.8629,                 2.1183,                 1.3902,             0.00098486,             0.00098486,             0.00098486
                    126,                   1.33,                 1.7731,                0.89773,                0.98208,                 0.3509,                0.29986,                0.22769,                0.11393,                0.26206,                0.20288,                0.16544,                 0.0662,                 2.1062,                 2.9685,                 2.2767,                 1.4469,             0.00097936,             0.00097936,             0.00097936
                    127,                 1.3348,                 1.7717,                0.89137,                0.98234,                0.35538,                0.26021,                0.22085,                0.11688,                0.26111,                0.25561,                0.18154,                0.07641,                 2.0929,                 2.9112,                 2.1825,                 1.3721,             0.00097386,             0.00097386,             0.00097386
                    128,                 1.3546,                 1.7927,                0.91018,                0.98176,                0.37275,                0.27274,                0.22375,                0.11114,                0.25672,                0.21392,                0.16366,                0.06982,                 2.0685,                 3.0226,                 2.4699,                   1.28,             0.00096836,             0.00096836,             0.00096836
                    129,                 1.3581,                 1.8135,                0.91966,                0.98608,                 0.3352,                0.25549,                0.21528,                0.10693,                0.23475,                0.23179,                0.16362,                0.06756,                 2.1225,                 2.8446,                  2.077,                 1.4798,             0.00096286,             0.00096286,             0.00096286
                    130,                 1.3578,                 1.7854,                0.90161,                0.97619,                0.41226,                0.25339,                0.21768,                0.10603,                0.27156,                0.21554,                0.16174,                0.05953,                 2.1157,                 3.0135,                  2.341,                 1.4214,             0.00095736,             0.00095736,             0.00095736
                    131,                 1.3264,                 1.7612,                0.87896,                0.96898,                 0.3718,                0.27436,                0.22057,                0.10691,                0.28205,                0.19171,                0.14743,                0.05972,                  2.184,                 2.9525,                 2.2845,                 1.4442,             0.00095186,             0.00095186,             0.00095186
                    132,                 1.3299,                 1.7526,                 0.8764,                 0.9693,                0.29669,                0.31443,                0.21219,                0.10659,                0.21399,                0.23328,                0.15298,                0.06324,                 2.0753,                 2.9834,                 2.3006,                 1.3531,             0.00094636,             0.00094636,             0.00094636
                    133,                 1.2912,                 1.7021,                0.85968,                 0.9656,                0.31276,                0.31109,                0.22247,                0.11312,                0.21586,                0.22372,                0.14841,                0.06302,                 2.1401,                 2.9296,                 2.2137,                 1.4348,             0.00094085,             0.00094085,             0.00094085
                    134,                 1.2894,                 1.7084,                0.85489,                0.96571,                0.32708,                0.29645,                0.22251,                0.11064,                0.24431,                0.25588,                0.17666,                0.07245,                 2.1839,                 2.9291,                 2.1533,                   1.46,             0.00093535,             0.00093535,             0.00093535
                    135,                 1.3046,                 1.7438,                0.86881,                0.96956,                0.29769,                0.30947,                0.21007,                0.10441,                0.22284,                 0.2411,                0.15401,                0.06524,                 2.2443,                 3.0023,                 2.1074,                 1.5628,             0.00092985,             0.00092985,             0.00092985
                    136,                 1.3131,                 1.7389,                0.86877,                0.97454,                 0.3661,                0.24706,                0.21227,                0.10813,                 0.2277,                 0.2061,                0.15287,                0.06102,                 2.1443,                 2.8942,                 2.4104,                 1.3865,             0.00092435,             0.00092435,             0.00092435
                    137,                 1.2976,                 1.7012,                0.87476,                0.96262,                0.41821,                0.26629,                 0.2275,                0.10863,                0.21577,                0.22683,                0.15753,                 0.0662,                 2.2037,                 2.9725,                   2.41,                 1.4084,             0.00091885,             0.00091885,             0.00091885
                    138,                 1.3021,                 1.7073,                0.85134,                0.96311,                0.35247,                0.26803,                0.22053,                 0.1071,                0.23741,                0.21681,                0.16043,                0.06313,                 2.2112,                 3.0411,                 2.5886,                 1.4323,             0.00091335,             0.00091335,             0.00091335
                    139,                 1.2939,                  1.739,                0.85823,                0.96711,                0.35615,                0.29359,                 0.2239,                0.11121,                0.24272,                0.22161,                0.17356,                0.07392,                 2.1574,                 3.0437,                 2.1298,                 1.4602,             0.00090785,             0.00090785,             0.00090785
                    140,                 1.3226,                 1.7547,                 0.8908,                 0.9712,                0.46592,                0.23011,                0.22923,                0.11282,                 0.3443,                0.16776,                 0.1665,                0.06886,                 2.1756,                 3.0916,                 2.2387,                 1.4566,             0.00090235,             0.00090235,             0.00090235
                    141,                 1.3333,                 1.7904,                0.89267,                0.97997,                0.33927,                0.27287,                0.21156,                0.10882,                0.22822,                0.21095,                0.15991,                0.06682,                 2.1166,                 2.9448,                 2.2493,                 1.3818,             0.00089685,             0.00089685,             0.00089685
                    142,                 1.2842,                 1.7249,                0.84341,                0.95849,                 0.3725,                0.24892,                 0.2095,                0.10835,                0.30626,                0.18687,                0.16223,                0.06388,                 2.1052,                  3.023,                 2.4591,                 1.3706,             0.00089134,             0.00089134,             0.00089134
                    143,                 1.2889,                 1.7161,                0.85446,                0.97066,                0.40108,                0.25202,                0.21825,                0.11136,                0.27039,                0.20117,                0.16103,                0.06587,                 2.1358,                 3.1237,                 2.3444,                 1.3849,             0.00088584,             0.00088584,             0.00088584
                    144,                 1.2746,                 1.6748,                0.84594,                 0.9606,                0.35533,                0.30625,                0.22439,                0.11469,                0.30846,                0.21392,                0.17363,                0.06715,                 2.1531,                 3.1445,                 2.1457,                 1.3911,             0.00088034,             0.00088034,             0.00088034
                    145,                 1.2891,                 1.6887,                0.83943,                0.95778,                0.28909,                0.29992,                0.21489,                0.11101,                0.21724,                0.26611,                0.17162,                0.06621,                 2.1831,                 3.0146,                 2.0875,                 1.4143,             0.00087484,             0.00087484,             0.00087484
                    146,                 1.2638,                  1.679,                0.83716,                0.94977,                0.36437,                0.26778,                0.20541,                0.10379,                0.30553,                0.19525,                0.16032,                0.06918,                 2.2095,                 3.0467,                 2.3412,                 1.4004,             0.00086934,             0.00086934,             0.00086934
                    147,                 1.2984,                 1.7114,                0.85824,                0.96145,                0.29986,                0.29496,                 0.2182,                0.11092,                0.23349,                 0.2267,                0.16774,                0.06876,                 2.1834,                  3.002,                 2.2466,                 1.4005,             0.00086384,             0.00086384,             0.00086384
                    148,                 1.2851,                 1.7203,                 0.8412,                 0.9599,                  0.341,                0.25823,                0.21027,                0.10608,                0.26509,                0.20896,                0.16108,                 0.0633,                 2.2028,                 3.1261,                 2.1959,                 1.4131,             0.00085834,             0.00085834,             0.00085834
                    149,                 1.2778,                 1.6767,                0.84228,                0.96469,                 0.3714,                0.26145,                0.23076,                0.11716,                0.24578,                0.21566,                  0.173,                0.07254,                 2.1086,                 3.0825,                 2.0801,                 1.3806,             0.00085284,             0.00085284,             0.00085284
                    150,                 1.2494,                 1.6333,                0.82896,                0.94496,                0.37012,                 0.2313,                0.22137,                0.11244,                0.20295,                0.22038,                0.15507,                0.06608,                 2.0766,                 3.1849,                 2.1608,                 1.3516,             0.00084734,             0.00084734,             0.00084734
                    151,                 1.2899,                 1.7079,                0.84886,                0.95745,                0.38389,                0.25214,                0.21756,                0.10718,                0.23404,                0.22385,                0.16492,                0.07228,                 2.1311,                 3.1779,                 2.1733,                 1.3707,             0.00084184,             0.00084184,             0.00084184
                    152,                 1.2626,                 1.6463,                0.81867,                0.95611,                0.33792,                0.27242,                0.21458,                0.10988,                0.21642,                0.24432,                0.16047,                0.06717,                 2.1824,                 3.1811,                 2.1009,                 1.4288,             0.00083633,             0.00083633,             0.00083633
                    153,                 1.2709,                 1.6719,                 0.8202,                0.95519,                0.32959,                0.29645,                0.21277,                  0.107,                0.28727,                0.22174,                0.18102,                 0.0747,                  2.133,                  3.259,                 2.3993,                 1.3232,             0.00083083,             0.00083083,             0.00083083
                    154,                 1.2774,                 1.6548,                0.83061,                0.95401,                0.32128,                0.24383,                 0.2025,                0.10202,                0.31146,                0.16119,                0.16103,                0.06804,                 2.2485,                 3.3221,                 2.2199,                 1.4202,             0.00082533,             0.00082533,             0.00082533
                    155,                 1.2411,                 1.6289,                0.79535,                0.94585,                0.40045,                0.25351,                0.22522,                0.11179,                0.30833,                0.15498,                0.16437,                 0.0666,                 2.1131,                 3.1581,                 2.2338,                 1.4087,             0.00081983,             0.00081983,             0.00081983
